{"cameraMode":{"drawMode":0,"name":"Shaded","section":"Shading Mode"},"sceneLighting":true,"audioPlay":false,"sceneViewState":{"m_AlwaysRefresh":false,"showFog":true,"showSkybox":true,"showFlares":true,"showImageEffects":true,"showParticleSystems":true,"showVisualEffectGraphs":true,"m_FxEnabled":true},"in2DMode":false,"pivot":{"x":24.326602935791017,"y":-5.652016639709473,"z":9.512428283691407},"rotation":{"x":0.2639633119106293,"y":0.09615891426801682,"z":-0.026455793529748918,"w":0.9593609571456909},"size":39.51219940185547,"orthographic":false}