{"cameraMode":{"drawMode":0,"name":"Shaded","section":"Shading Mode"},"sceneLighting":true,"audioPlay":false,"sceneViewState":{"m_AlwaysRefresh":false,"showFog":true,"showSkybox":true,"showFlares":true,"showImageEffects":true,"showParticleSystems":true,"showVisualEffectGraphs":true,"m_FxEnabled":true},"in2DMode":false,"pivot":{"x":0.374728262424469,"y":0.3885686993598938,"z":-0.4336354434490204},"rotation":{"x":0.07679091393947602,"y":0.8261778950691223,"z":-0.11625953018665314,"w":0.5456157922744751},"size":31.487564086914064,"orthographic":false}